year,segment,total,income,growth
Mar-00,All,100,100,100
Mar-00,Retail,100,100,100
Mar-00,Office,100,100,100
Mar-00,Industrial,100,100,100
Mar-00,Residential,100,100,100
Mar-00,Calgary,100,100,100
Mar-00,Montreal,100,100,100
Mar-00,Toronto,100,100,100
Mar-00,Vancouver,100,100,100
Mar-00,Edmonton,100,100,100
Mar-00,Ottawa,100,100,100
Jun-00,All,100,100,100
Jun-00,Retail,100,100,100
Jun-00,Office,100,100,100
Jun-00,Industrial,100,100,100
Jun-00,Residential,100,100,100
Jun-00,Calgary,100,100,100
Jun-00,Montreal,100,100,100
Jun-00,Toronto,100,100,100
Jun-00,Vancouver,100,100,100
Jun-00,Edmonton,100,100,100
Jun-00,Ottawa,100,100,100
Sep-00,All,100,100,100
Sep-00,Retail,100,100,100
Sep-00,Office,100,100,100
Sep-00,Industrial,100,100,100
Sep-00,Residential,100,100,100
Sep-00,Calgary,100,100,100
Sep-00,Montreal,100,100,100
Sep-00,Toronto,100,100,100
Sep-00,Vancouver,100,100,100
Sep-00,Edmonton,100,100,100
Sep-00,Ottawa,100,100,100
Dec-00,All,111.9,108.7,102.9
Dec-00,Retail,110.8,108.8,101.8
Dec-00,Office,112.8,108.6,103.9
Dec-00,Industrial,113.6,109.4,103.9
Dec-00,Residential,110.3,107.9,102.2
Dec-00,Calgary,110.8,108.4,102.2
Dec-00,Montreal,115.5,109.9,105.1
Dec-00,Toronto,111.7,108.2,103.3
Dec-00,Vancouver,108.3,108.4,99.9
Dec-00,Edmonton,110,109.2,100.7
Dec-00,Ottawa,118.5,109.1,108.8
Mar-01,All,111.6370715,108.7,102.7
Mar-01,Retail,110.945252,108.9,101.9
Mar-01,Office,112.2228392,108.6,103.4
Mar-01,Industrial,113.1475863,109.4,103.5
Mar-01,Residential,109.8295276,107.7,102.0
Mar-01,Calgary,111.0575831,108.4,102.4
Mar-01,Montreal,114.8021684,109.7,104.7
Mar-01,Toronto,111.7799309,108.1,103.4
Mar-01,Vancouver,107.8482956,108.5,99.4
Mar-01,Edmonton,111.0879356,109.7,101.3
Mar-01,Ottawa,113.3030363,109.0,104.0
Jun-01,All,111.6,108.7,102.7
Jun-01,Retail,110.9,108.8,101.9
Jun-01,Office,112.2,108.5,103.4
Jun-01,Industrial,112.6,109.4,102.9
Jun-01,Residential,109.7,107.5,102.1
Jun-01,Calgary,111.0,108.3,102.5
Jun-01,Montreal,114.8,109.6,104.8
Jun-01,Toronto,111.7,108.0,103.4
Jun-01,Vancouver,107.6,108.6,99.2
Jun-01,Edmonton,111.3,110.0,101.3
Jun-01,Ottawa,114.0,109.3,104.4
Sep-01,All,110.3,108.7,101.5
Sep-01,Retail,108.4,108.8,99.6
Sep-01,Office,111.7,108.5,102.9
Sep-01,Industrial,112.4,109.5,102.7
Sep-01,Residential,110.0,107.4,102.4
Sep-01,Calgary,110.3,108.3,101.9
Sep-01,Montreal,113.3,109.4,103.5
Sep-01,Toronto,110.9,107.9,102.8
Sep-01,Vancouver,108.0,108.8,99.3
Sep-01,Edmonton,109.0,110.2,98.9
Sep-01,Ottawa,112.7,109.7,102.7
Dec-01,All,122.2,118.1,103.5
Dec-01,Retail,119.8,118.4,101.2
Dec-01,Office,123.4,117.8,104.8
Dec-01,Industrial,126.2,119.8,105.4
Dec-01,Residential,123.9,115.9,107.0
Dec-01,Calgary,119.9,117.4,102.2
Dec-01,Montreal,128.0,120.1,106.7
Dec-01,Toronto,122.8,116.7,105.2
Dec-01,Vancouver,116.0,117.9,98.4
Dec-01,Edmonton,122.9,119.8,102.6
Dec-01,Ottawa,132.5,119.6,110.8
Mar-02,All,121.9,118.2,103.1
Mar-02,Retail,120.2,118.6,101.4
Mar-02,Office,122.6,118.0,104.0
Mar-02,Industrial,125.5,119.9,104.7
Mar-02,Residential,123.7,115.8,106.9
Mar-02,Calgary,120.1,117.6,102.1
Mar-02,Montreal,127.2,119.9,106.1
Mar-02,Toronto,122.7,116.8,105.1
Mar-02,Vancouver,115.5,118.0,97.9
Mar-02,Edmonton,124.8,120.5,103.6
Mar-02,Ottawa,127.1,119.7,106.2
Jun-02,All,121.9,118.4,102.9
Jun-02,Retail,120.3,118.7,101.4
Jun-02,Office,122.5,118.2,103.7
Jun-02,Industrial,124.9,120.0,104.1
Jun-02,Residential,123.4,115.6,106.8
Jun-02,Calgary,119.9,117.8,101.9
Jun-02,Montreal,126.8,119.7,106.0
Jun-02,Toronto,122.6,116.9,104.9
Jun-02,Vancouver,115.6,118.3,97.7
Jun-02,Edmonton,125.3,121.1,103.5
Jun-02,Ottawa,127.0,120.3,105.6
Sep-02,All,120.5,118.5,101.8
Sep-02,Retail,118.3,118.8,99.6
Sep-02,Office,121.5,118.3,102.8
Sep-02,Industrial,124.5,120.1,103.7
Sep-02,Residential,123.1,115.5,106.7
Sep-02,Calgary,119.3,117.9,101.3
Sep-02,Montreal,124.7,119.4,104.5
Sep-02,Toronto,121.5,117.0,103.9
Sep-02,Vancouver,115.6,118.5,97.5
Sep-02,Edmonton,124.1,121.4,102.2
Sep-02,Ottawa,124.7,120.5,103.6
Dec-02,All,133.1,128.7,103.4
Dec-02,Retail,133.0,129.2,102.9
Dec-02,Office,131.6,128.3,102.6
Dec-02,Industrial,139.8,131.5,106.4
Dec-02,Residential,136.1,124.4,109.5
Dec-02,Calgary,129.3,127.7,101.3
Dec-02,Montreal,136.1,130.9,104.0
Dec-02,Toronto,133.4,126.5,105.5
Dec-02,Vancouver,124.4,128.5,96.9
Dec-02,Edmonton,134.9,132.0,102.2
Dec-02,Ottawa,147.3,131.7,111.9
Mar-03,All,132.7,128.7,103.2
Mar-03,Retail,133.6,129.2,103.4
Mar-03,Office,130.7,128.3,101.9
Mar-03,Industrial,139.3,131.4,106.0
Mar-03,Residential,134.6,124.0,108.6
Mar-03,Calgary,129.3,127.9,101.2
Mar-03,Montreal,135.0,130.5,103.5
Mar-03,Toronto,133.8,126.5,105.8
Mar-03,Vancouver,123.5,128.5,96.1
Mar-03,Edmonton,136.5,132.3,103.2
Mar-03,Ottawa,141.4,131.8,107.4
Jun-03,All,132.4,128.6,102.9
Jun-03,Retail,133.9,129.2,103.7
Jun-03,Office,130.0,128.3,101.3
Jun-03,Industrial,138.6,131.4,105.6
Jun-03,Residential,133.8,123.8,108.1
Jun-03,Calgary,129.2,127.9,101.0
Jun-03,Montreal,135.2,130.1,104.0
Jun-03,Toronto,133.1,126.4,105.3
Jun-03,Vancouver,122.7,128.4,95.5
Jun-03,Edmonton,137.0,132.5,103.4
Jun-03,Ottawa,141.3,132.1,107.0
Sep-03,All,130.8,128.6,101.7
Sep-03,Retail,131.5,129.2,101.8
Sep-03,Office,128.9,128.2,100.6
Sep-03,Industrial,138.8,131.4,105.6
Sep-03,Residential,131.5,123.5,106.5
Sep-03,Calgary,128.7,128.0,100.6
Sep-03,Montreal,132.9,129.4,102.7
Sep-03,Toronto,131.6,126.3,104.2
Sep-03,Vancouver,122.7,128.5,95.5
Sep-03,Edmonton,135.0,132.6,101.9
Sep-03,Ottawa,139.5,132.5,105.3
Dec-03,All,144.4,139.6,103.4
Dec-03,Retail,149.1,140.6,106.1
Dec-03,Office,138.7,139.0,99.8
Dec-03,Industrial,156.2,143.6,108.8
Dec-03,Residential,143.2,132.7,107.9
Dec-03,Calgary,141.5,138.6,102.1
Dec-03,Montreal,144.7,141.8,102.1
Dec-03,Toronto,142.1,136.6,104.1
Dec-03,Vancouver,135.8,139.1,97.6
Dec-03,Edmonton,149.3,144.2,103.6
Dec-03,Ottawa,166.5,144.6,115.3
Mar-04,All,143.9,139.5,103.2
Mar-04,Retail,149.4,140.5,106.4
Mar-04,Office,137.9,139.0,99.1
Mar-04,Industrial,155.6,143.4,108.6
Mar-04,Residential,141.7,132.1,107.3
Mar-04,Calgary,141.9,138.9,102.2
Mar-04,Montreal,143.5,141.3,101.5
Mar-04,Toronto,142.0,136.4,104.1
Mar-04,Vancouver,135.0,138.9,97.2
Mar-04,Edmonton,151.1,144.5,104.6
Mar-04,Ottawa,160.2,144.4,111.0
Jun-04,All,144.2,139.5,103.4
Jun-04,Retail,149.6,140.4,106.6
Jun-04,Office,138.3,139.0,99.5
Jun-04,Industrial,155.8,143.2,108.9
Jun-04,Residential,141.2,131.8,107.2
Jun-04,Calgary,142.4,139.1,102.4
Jun-04,Montreal,144.3,140.7,102.6
Jun-04,Toronto,142.1,136.3,104.3
Jun-04,Vancouver,135.3,138.7,97.5
Jun-04,Edmonton,151.8,144.8,104.9
Jun-04,Ottawa,159.5,144.4,110.5
Sep-04,All,142.7,139.3,102.4
Sep-04,Retail,146.9,140.3,104.7
Sep-04,Office,137.7,139.0,99.0
Sep-04,Industrial,155.5,143.1,108.8
Sep-04,Residential,139.6,131.4,106.3
Sep-04,Calgary,142.5,139.3,102.4
Sep-04,Montreal,141.7,140.1,101.2
Sep-04,Toronto,140.8,136.3,103.4
Sep-04,Vancouver,135.6,138.7,97.7
Sep-04,Edmonton,150.1,144.8,103.7
Sep-04,Ottawa,156.8,144.4,108.7
Dec-04,All,163.0,151.2,107.8
Dec-04,Retail,173.4,152.4,113.9
Dec-04,Office,153.6,150.7,102.0
Dec-04,Industrial,178.7,156.4,114.3
Dec-04,Residential,151.9,141.4,107.4
Dec-04,Calgary,164.5,150.9,109.0
Dec-04,Montreal,162.2,153.4,105.8
Dec-04,Toronto,158.0,147.1,107.4
Dec-04,Vancouver,152.0,150.1,101.3
Dec-04,Edmonton,164.8,157.4,104.7
Dec-04,Ottawa,191.2,157.2,121.8
Mar-05,All,163.4,151.0,108.3
Mar-05,Retail,174.9,152.1,115.1
Mar-05,Office,153.4,150.5,101.9
Mar-05,Industrial,179.3,156.1,115.0
Mar-05,Residential,152.0,141.0,107.8
Mar-05,Calgary,165.6,151.1,109.7
Mar-05,Montreal,160.9,152.6,105.4
Mar-05,Toronto,159.6,146.9,108.7
Mar-05,Vancouver,152.2,149.9,101.5
Mar-05,Edmonton,168.5,157.8,106.8
Mar-05,Ottawa,184.5,156.7,117.9
Jun-05,All,164.8,150.7,109.4
Jun-05,Retail,175.3,151.7,115.7
Jun-05,Office,155.4,150.5,103.3
Jun-05,Industrial,182.7,155.7,117.4
Jun-05,Residential,153.0,140.7,108.8
Jun-05,Calgary,169.9,151.1,112.5
Jun-05,Montreal,160.2,151.8,105.5
Jun-05,Toronto,160.5,146.8,109.4
Jun-05,Vancouver,154.3,149.6,103.1
Jun-05,Edmonton,174.1,158.1,110.2
Jun-05,Ottawa,185.3,156.6,118.5
Sep-05,All,163.9,150.4,109.0
Sep-05,Retail,172.3,151.3,113.9
Sep-05,Office,155.7,150.3,103.6
Sep-05,Industrial,184.0,155.3,118.7
Sep-05,Residential,153.6,140.3,109.5
Sep-05,Calgary,172.7,151.0,114.5
Sep-05,Montreal,157.0,150.9,104.1
Sep-05,Toronto,159.6,146.5,109.0
Sep-05,Vancouver,155.7,149.5,104.2
Sep-05,Edmonton,175.2,158.1,110.9
Sep-05,Ottawa,182.6,156.3,117.0
Dec-05,All,193.5,163.0,118.8
Dec-05,Retail,210.9,164.1,128.7
Dec-05,Office,181.3,162.7,111.5
Dec-05,Industrial,209.4,169.2,123.9
Dec-05,Residential,166.9,150.7,110.8
Dec-05,Calgary,206.1,163.4,126.4
Dec-05,Montreal,186.4,164.8,113.2
Dec-05,Toronto,183.8,158.2,116.3
Dec-05,Vancouver,184.1,161.6,114.0
Dec-05,Edmonton,206.6,171.5,120.6
Dec-05,Ottawa,222.9,169.8,131.5
Mar-06,All,194.4,162.5,119.8
Mar-06,Retail,211.1,163.4,129.4
Mar-06,Office,182.8,162.3,112.8
Mar-06,Industrial,210.8,168.6,125.3
Mar-06,Residential,167.8,150.2,111.8
Mar-06,Calgary,213.3,163.2,131.0
Mar-06,Montreal,184.5,163.7,112.8
Mar-06,Toronto,183.7,157.7,116.7
Mar-06,Vancouver,186.7,161.1,116.0
Mar-06,Edmonton,214.5,171.5,125.2
Mar-06,Ottawa,214.1,169.0,126.9
Jun-06,All,196.8,161.9,121.7
Jun-06,Retail,211.3,162.7,130.1
Jun-06,Office,186.5,161.9,115.3
Jun-06,Industrial,215.3,167.7,128.6
Jun-06,Residential,170.6,149.7,114.0
Jun-06,Calgary,221.6,162.7,136.4
Jun-06,Montreal,185.4,162.7,114.1
Jun-06,Toronto,184.5,157.3,117.4
Jun-06,Vancouver,190.9,160.6,119.0
Jun-06,Edmonton,225.4,171.3,131.8
Jun-06,Ottawa,213.6,168.5,127.0
Sep-06,All,195.8,161.3,121.5
Sep-06,Retail,207.2,162.0,128.1
Sep-06,Office,187.0,161.4,116.0
Sep-06,Industrial,217.6,166.9,130.6
Sep-06,Residential,172.5,149.3,115.6
Sep-06,Calgary,224.4,162.3,138.6
Sep-06,Montreal,184.5,161.5,114.4
Sep-06,Toronto,183.4,156.9,117.0
Sep-06,Vancouver,192.4,160.1,120.3
Sep-06,Edmonton,225.7,170.7,132.4
Sep-06,Ottawa,210.9,167.8,125.9
Dec-06,All,228.4,174.5,131.1
Dec-06,Retail,245.5,175.4,140.3
Dec-06,Office,218.1,174.4,125.2
Dec-06,Industrial,247.0,181.6,136.3
Dec-06,Residential,191.5,160.5,119.5
Dec-06,Calgary,265.6,175.1,152.1
Dec-06,Montreal,221.1,176.2,125.6
Dec-06,Toronto,207.2,169.0,122.8
Dec-06,Vancouver,225.2,172.8,130.6
Dec-06,Edmonton,271.8,184.9,147.4
Dec-06,Ottawa,252.7,182.0,139.2
Mar-07,All,229.2,173.6,132.2
Mar-07,Retail,246.0,174.5,141.3
Mar-07,Office,219.3,173.6,126.5
Mar-07,Industrial,246.5,180.4,136.9
Mar-07,Residential,193.8,159.9,121.3
Mar-07,Calgary,267.9,174.4,154.0
Mar-07,Montreal,219.4,174.8,125.7
Mar-07,Toronto,208.9,168.3,124.3
Mar-07,Vancouver,227.3,172.0,132.4
Mar-07,Edmonton,280.7,184.3,152.7
Mar-07,Ottawa,244.0,180.9,135.1
Jun-07,All,231.6,172.8,134.2
Jun-07,Retail,246.5,173.5,142.4
Jun-07,Office,223.5,172.9,129.4
Jun-07,Industrial,247.3,179.3,138.2
Jun-07,Residential,197.4,159.4,123.9
Jun-07,Calgary,273.2,173.7,157.7
Jun-07,Montreal,221.1,173.5,127.6
Jun-07,Toronto,209.6,167.7,125.2
Jun-07,Vancouver,234.4,171.1,137.2
Jun-07,Edmonton,290.2,183.5,158.6
Jun-07,Ottawa,243.4,180.2,135.4
Sep-07,All,230.9,171.9,134.5
Sep-07,Retail,241.5,172.4,140.3
Sep-07,Office,225.3,172.2,131.1
Sep-07,Industrial,248.8,178.3,139.9
Sep-07,Residential,202.4,158.7,127.7
Sep-07,Calgary,278.4,172.9,161.5
Sep-07,Montreal,217.1,172.0,126.4
Sep-07,Toronto,209.2,167.1,125.4
Sep-07,Vancouver,236.9,170.4,139.3
Sep-07,Edmonton,294.1,182.4,161.7
Sep-07,Ottawa,240.1,179.5,134.0
Dec-07,All,264.7,185.8,142.8
Dec-07,Retail,278.2,186.5,149.5
Dec-07,Office,260.5,185.8,140.5
Dec-07,Industrial,277.6,193.7,143.6
Dec-07,Residential,225.2,170.4,132.3
Dec-07,Calgary,318.7,186.3,171.6
Dec-07,Montreal,249.0,187.6,133.0
Dec-07,Toronto,236.6,179.9,131.8
Dec-07,Vancouver,272.6,183.4,148.9
Dec-07,Edmonton,348.1,196.9,177.4
Dec-07,Ottawa,286.5,194.5,147.7
Mar-08,All,264.0,184.7,143.2
Mar-08,Retail,277.1,185.4,149.9
Mar-08,Office,260.9,184.9,141.4
Mar-08,Industrial,274.9,192.4,143.2
Mar-08,Residential,224.8,169.7,132.6
Mar-08,Calgary,319.0,185.6,172.4
Mar-08,Montreal,246.5,185.9,132.8
Mar-08,Toronto,235.7,179.0,131.9
Mar-08,Vancouver,273.3,182.2,150.3
Mar-08,Edmonton,360.6,196.0,184.6
Mar-08,Ottawa,278.7,193.0,144.7
Jun-08,All,263.0,183.7,143.5
Jun-08,Retail,275.3,184.2,149.9
Jun-08,Office,262.2,184.1,142.7
Jun-08,Industrial,267.3,191.1,140.2
Jun-08,Residential,225.3,169.0,133.5
Jun-08,Calgary,320.7,184.7,174.2
Jun-08,Montreal,245.6,184.3,133.5
Jun-08,Toronto,233.3,178.3,131.1
Jun-08,Vancouver,276.6,181.1,153.1
Jun-08,Edmonton,363.9,194.8,187.5
Jun-08,Ottawa,275.7,192.1,143.8
Sep-08,All,259.5,182.6,142.4
Sep-08,Retail,268.6,182.9,147.2
Sep-08,Office,261.2,183.1,142.9
Sep-08,Industrial,264.9,189.9,139.8
Sep-08,Residential,224.9,168.2,134.0
Sep-08,Calgary,319.8,183.8,174.6
Sep-08,Montreal,241.5,182.6,132.5
Sep-08,Toronto,230.4,177.5,130.0
Sep-08,Vancouver,276.8,180.1,154.1
Sep-08,Edmonton,359.4,193.3,186.6
Sep-08,Ottawa,270.4,191.1,141.8
Dec-08,All,274.5,197.2,139.5
Dec-08,Retail,278.7,197.7,141.2
Dec-08,Office,280.2,197.7,142.1
Dec-08,Industrial,283.0,206.3,137.5
Dec-08,Residential,239.6,180.5,133.0
Dec-08,Calgary,342.0,198.1,173.2
Dec-08,Montreal,250.4,199.0,126.0
Dec-08,Toronto,242.7,191.1,127.2
Dec-08,Vancouver,291.8,193.9,150.8
Dec-08,Edmonton,386.8,208.6,186.1
Dec-08,Ottawa,301.7,207.0,146.2
Mar-09,All,267.6,196.3,136.6
Mar-09,Retail,275.4,196.7,140.3
Mar-09,Office,270.6,196.9,137.7
Mar-09,Industrial,272.9,205.0,133.4
Mar-09,Residential,234.5,179.8,130.6
Mar-09,Calgary,331.5,197.5,168.4
Mar-09,Montreal,245.6,197.8,124.4
Mar-09,Toronto,236.9,190.3,124.6
Mar-09,Vancouver,282.7,192.9,146.9
Mar-09,Edmonton,384.3,207.6,185.8
Mar-09,Ottawa,285.3,206.0,138.8
Jun-09,All,259.9,195.5,133.2
Jun-09,Retail,268.6,195.7,137.5
Jun-09,Office,264.1,196.3,134.7
Jun-09,Industrial,258.1,203.8,126.8
Jun-09,Residential,232.7,179.1,130.2
Jun-09,Calgary,320.8,196.8,163.5
Jun-09,Montreal,236.5,196.6,120.4
Jun-09,Toronto,230.7,189.8,121.7
Jun-09,Vancouver,273.8,191.9,143.0
Jun-09,Edmonton,374.9,206.6,182.1
Jun-09,Ottawa,276.8,205.3,135.1
Sep-09,All,253.0,194.7,130.1
Sep-09,Retail,261.6,194.7,134.6
Sep-09,Office,257.3,195.7,131.7
Sep-09,Industrial,250.8,202.9,123.8
Sep-09,Residential,225.7,178.2,126.8
Sep-09,Calgary,310.1,196.1,158.6
Sep-09,Montreal,229.0,195.2,117.4
Sep-09,Toronto,225.4,189.2,119.3
Sep-09,Vancouver,270.9,191.2,142.0
Sep-09,Edmonton,361.8,205.2,176.9
Sep-09,Ottawa,269.6,204.7,132.0
Dec-09,All,272.6,210.7,129.6
Dec-09,Retail,288.7,210.9,137.2
Dec-09,Office,272.2,211.6,128.8
Dec-09,Industrial,268.6,220.8,121.8
Dec-09,Residential,244.3,191.4,127.8
Dec-09,Calgary,316.4,211.8,149.8
Dec-09,Montreal,252.7,213.4,118.6
Dec-09,Toronto,242.2,204.0,118.8
Dec-09,Vancouver,290.1,206.2,141.0
Dec-09,Edmonton,389.2,221.6,176.2
Dec-09,Ottawa,310.6,222.0,140.2
Mar-10,All,269.6,209.9,128.6
Mar-10,Retail,287.7,209.9,137.3
Mar-10,Office,267.0,211.0,126.7
Mar-10,Industrial,265.4,219.8,120.9
Mar-10,Residential,242.8,190.7,127.5
Mar-10,Calgary,313.5,211.5,148.6
Mar-10,Montreal,249.2,211.9,117.7
Mar-10,Toronto,240.0,203.3,118.2
Mar-10,Vancouver,288.4,205.3,140.7
Mar-10,Edmonton,386.9,220.9,175.7
Mar-10,Ottawa,295.0,221.0,133.8
Jun-10,All,270.7,209.1,129.7
Jun-10,Retail,294.1,208.9,141.1
Jun-10,Office,265.8,210.4,126.5
Jun-10,Industrial,261.6,218.7,119.8
Jun-10,Residential,242.2,190.0,127.6
Jun-10,Calgary,311.9,211.1,148.1
Jun-10,Montreal,250.2,210.4,119.0
Jun-10,Toronto,241.5,202.6,119.3
Jun-10,Vancouver,290.3,204.3,142.3
Jun-10,Edmonton,389.7,220.1,177.7
Jun-10,Ottawa,293.7,220.4,133.5
Sep-10,All,267.1,208.1,128.5
Sep-10,Retail,288.2,207.8,139.0
Sep-10,Office,263.4,209.6,125.8
Sep-10,Industrial,259.7,217.6,119.5
Sep-10,Residential,239.4,189.1,126.7
Sep-10,Calgary,309.0,210.6,147.1
Sep-10,Montreal,245.5,208.9,117.6
Sep-10,Toronto,238.8,201.9,118.4
Sep-10,Vancouver,291.3,203.5,143.4
Sep-10,Edmonton,378.8,218.8,173.7
Sep-10,Ottawa,289.8,219.7,132.1
Dec-10,All,302.9,225.1,134.8
Dec-10,Retail,333.5,224.9,148.7
Dec-10,Office,295.4,226.6,130.6
Dec-10,Industrial,292.2,236.7,123.6
Dec-10,Residential,262.9,203.0,129.7
Dec-10,Calgary,344.3,227.5,151.7
Dec-10,Montreal,288.6,227.9,126.8
Dec-10,Toronto,268.7,217.4,123.7
Dec-10,Vancouver,329.9,219.6,150.5
Dec-10,Edmonton,415.0,236.6,176.0
Dec-10,Ottawa,342.1,238.6,143.7
Mar-11,All,303.9,224.0,135.9
Mar-11,Retail,335.3,223.6,150.4
Mar-11,Office,296.1,225.7,131.4
Mar-11,Industrial,293.0,235.2,124.8
Mar-11,Residential,263.7,202.1,130.7
Mar-11,Calgary,346.3,227.0,152.9
Mar-11,Montreal,286.0,226.2,126.6
Mar-11,Toronto,270.1,216.3,125.0
Mar-11,Vancouver,331.7,218.4,152.2
Mar-11,Edmonton,422.7,235.9,179.8
Mar-11,Ottawa,328.8,236.9,139.1
Jun-11,All,306.2,222.8,137.7
Jun-11,Retail,338.1,222.2,152.5
Jun-11,Office,299.2,224.8,133.3
Jun-11,Industrial,292.3,233.6,125.3
Jun-11,Residential,263.1,201.1,131.0
Jun-11,Calgary,352.4,226.3,156.1
Jun-11,Montreal,289.4,224.4,129.1
Jun-11,Toronto,271.9,215.4,126.4
Jun-11,Vancouver,333.7,217.1,154.1
Jun-11,Edmonton,422.9,235.0,180.6
Jun-11,Ottawa,327.2,235.9,139.0
Sep-11,All,303.1,221.6,137.0
Sep-11,Retail,330.7,220.8,150.2
Sep-11,Office,298.9,223.8,133.7
Sep-11,Industrial,291.4,232.1,125.7
Sep-11,Residential,262.5,199.9,131.5
Sep-11,Calgary,353.5,225.5,157.2
Sep-11,Montreal,283.8,222.5,127.7
Sep-11,Toronto,269.6,214.3,125.9
Sep-11,Vancouver,334.5,216.0,155.3
Sep-11,Edmonton,416.4,233.7,178.8
Sep-11,Ottawa,321.8,234.7,137.4
Dec-11,All,349.6,239.4,146.4
Dec-11,Retail,386.8,238.5,162.6
Dec-11,Office,343.3,241.7,142.3
Dec-11,Industrial,329.0,252.1,130.7
Dec-11,Residential,293.5,214.6,137.0
Dec-11,Calgary,416.2,243.2,171.7
Dec-11,Montreal,331.6,242.4,137.0
Dec-11,Toronto,308.3,230.5,133.9
Dec-11,Vancouver,380.0,232.5,163.9
Dec-11,Edmonton,472.8,252.5,188.0
Dec-11,Ottawa,385.4,254.3,152.0
Mar-12,All,350.2,237.9,147.5
Mar-12,Retail,387.1,236.9,163.9
Mar-12,Office,345.3,240.6,143.8
Mar-12,Industrial,327.0,250.4,130.8
Mar-12,Residential,294.9,213.5,138.3
Mar-12,Calgary,420.8,242.3,174.3
Mar-12,Montreal,327.9,240.3,136.7
Mar-12,Toronto,309.4,229.4,135.1
Mar-12,Vancouver,380.8,231.0,165.3
Mar-12,Edmonton,484.3,251.9,193.0
Mar-12,Ottawa,368.8,252.4,146.5
Jun-12,All,351.0,236.5,148.8
Jun-12,Retail,386.4,235.2,164.8
Jun-12,Office,349.1,239.4,146.1
Jun-12,Industrial,325.3,248.7,131.0
Jun-12,Residential,297.0,212.5,140.0
Jun-12,Calgary,427.4,241.1,177.9
Jun-12,Montreal,328.5,238.0,138.3
Jun-12,Toronto,309.6,228.1,136.0
Jun-12,Vancouver,380.7,229.5,166.3
Jun-12,Edmonton,489.2,250.9,195.7
Jun-12,Ottawa,367.2,251.1,146.6
Sep-12,All,347.6,234.9,148.3
Sep-12,Retail,378.5,233.4,162.6
Sep-12,Office,348.1,238.0,146.5
Sep-12,Industrial,324.7,247.1,131.7
Sep-12,Residential,296.8,211.1,140.9
Sep-12,Calgary,427.9,239.8,179.1
Sep-12,Montreal,321.9,235.6,136.8
Sep-12,Toronto,308.1,226.8,136.1
Sep-12,Vancouver,379.7,228.1,166.9
Sep-12,Edmonton,486.7,249.1,196.1
Sep-12,Ottawa,360.4,249.7,144.7
Dec-12,All,398.7,253.4,157.8
Dec-12,Retail,439.0,251.8,174.9
Dec-12,Office,397.6,256.6,155.3
Dec-12,Industrial,367.1,268.2,137.1
Dec-12,Residential,340.5,226.1,150.9
Dec-12,Calgary,494.5,258.1,192.3
Dec-12,Montreal,370.5,256.1,145.0
Dec-12,Toronto,351.2,243.8,144.4
Dec-12,Vancouver,422.1,245.2,172.6
Dec-12,Edmonton,554.5,268.7,207.2
Dec-12,Ottawa,435.6,270.0,161.8
Mar-13,All,395.9,251.6,157.8
Mar-13,Retail,436.5,249.8,175.3
Mar-13,Office,394.6,255.1,155.1
Mar-13,Industrial,364.6,266.2,137.2
Mar-13,Residential,338.3,224.6,150.9
Mar-13,Calgary,492.3,256.7,192.5
Mar-13,Montreal,365.6,253.5,144.5
Mar-13,Toronto,350.0,242.3,144.7
Mar-13,Vancouver,420.6,243.5,173.3
Mar-13,Edmonton,565.3,267.6,212.2
Mar-13,Ottawa,414.3,267.5,155.3
Jun-13,All,397.1,249.8,159.4
Jun-13,Retail,442.6,247.8,179.2
Jun-13,Office,392.8,253.6,155.2
Jun-13,Industrial,360.8,264.2,136.8
Jun-13,Residential,339.6,223.0,152.6
Jun-13,Calgary,497.0,255.0,195.7
Jun-13,Montreal,367.8,251.0,146.9
Jun-13,Toronto,349.3,240.9,145.3
Jun-13,Vancouver,422.5,241.6,175.4
Jun-13,Edmonton,565.8,266.1,213.6
Jun-13,Ottawa,413.3,265.5,156.1
Sep-13,All,391.4,247.9,158.3
Sep-13,Retail,432.5,245.7,176.6
Sep-13,Office,389.4,252.0,154.9
Sep-13,Industrial,358.6,262.4,136.9
Sep-13,Residential,336.1,221.2,152.3
Sep-13,Calgary,492.3,253.1,195.2
Sep-13,Montreal,360.0,248.4,145.2
Sep-13,Toronto,346.2,239.4,144.9
Sep-13,Vancouver,421.3,239.9,176.1
Sep-13,Edmonton,556.8,263.9,211.9
Sep-13,Ottawa,402.9,263.4,153.3
Dec-13,All,442.5,267.3,166.0
Dec-13,Retail,502.0,264.9,190.2
Dec-13,Office,431.4,271.6,159.2
Dec-13,Industrial,400.9,284.8,141.1
Dec-13,Residential,374.3,236.9,158.4
Dec-13,Calgary,557.6,272.3,205.6
Dec-13,Montreal,404.7,270.1,150.1
Dec-13,Toronto,390.7,257.3,152.2
Dec-13,Vancouver,468.6,258.0,182.2
Dec-13,Edmonton,623.9,284.5,220.3
Dec-13,Ottawa,468.1,284.5,165.0
Mar-14,All,438.3,265.2,165.7
Mar-14,Retail,498.4,262.6,190.5
Mar-14,Office,426.4,269.9,158.4
Mar-14,Industrial,398.2,282.7,141.2
Mar-14,Residential,370.1,235.1,157.8
Mar-14,Calgary,555.4,270.5,206.2
Mar-14,Montreal,398.7,267.2,149.5
Mar-14,Toronto,387.8,255.5,152.1
Mar-14,Vancouver,463.4,256.0,181.5
Mar-14,Edmonton,629.9,283.1,223.6
Mar-14,Ottawa,445.9,281.7,158.8
Jun-14,All,434.8,263.2,165.6
Jun-14,Retail,494.6,260.2,190.8
Jun-14,Office,423.3,268.3,158.2
Jun-14,Industrial,392.9,280.5,140.4
Jun-14,Residential,368.0,233.3,158.1
Jun-14,Calgary,552.5,268.5,206.6
Jun-14,Montreal,394.4,264.3,149.6
Jun-14,Toronto,384.7,254.0,151.8
Jun-14,Vancouver,460.8,254.0,182.0
Jun-14,Edmonton,626.3,281.4,223.6
Jun-14,Ottawa,437.5,279.2,157.1
Sep-14,All,427.0,261.1,164.0
Sep-14,Retail,481.1,257.8,187.3
Sep-14,Office,418.2,266.4,157.4
Sep-14,Industrial,389.2,278.6,140.0
Sep-14,Residential,364.6,231.2,158.0
Sep-14,Calgary,546.3,266.5,205.8
Sep-14,Montreal,383.6,261.4,147.0
Sep-14,Toronto,379.3,252.2,150.7
Sep-14,Vancouver,458.6,252.1,182.5
Sep-14,Edmonton,612.6,279.2,220.4
Sep-14,Ottawa,426.0,276.7,154.3
Dec-14,All,474.2,281.4,169.0
Dec-14,Retail,540.2,277.7,195.2
Dec-14,Office,458.7,286.9,160.3
Dec-14,Industrial,435.9,302.5,144.4
Dec-14,Residential,402.8,247.4,163.2
Dec-14,Calgary,605.2,286.6,212.1
Dec-14,Montreal,420.7,284.3,148.3
Dec-14,Toronto,420.4,270.8,155.6
Dec-14,Vancouver,511.9,270.9,189.6
Dec-14,Edmonton,661.0,301.1,220.5
Dec-14,Ottawa,489.3,298.7,164.3
Mar-15,All,467.9,279.1,168.1
Mar-15,Retail,534.9,275.1,195.1
Mar-15,Office,452.4,285.1,159.1
Mar-15,Industrial,425.7,300.1,142.2
Mar-15,Residential,398.0,245.4,162.5
Mar-15,Calgary,598.8,284.6,211.3
Mar-15,Montreal,413.6,281.0,147.5
Mar-15,Toronto,417.0,268.9,155.5
Mar-15,Vancouver,507.0,268.6,189.3
Mar-15,Edmonton,659.7,299.7,221.2
Mar-15,Ottawa,465.1,295.8,157.7
Jun-15,All,464.1,276.8,168.1
Jun-15,Retail,531.8,272.5,195.9
Jun-15,Office,448.0,283.3,158.5
Jun-15,Industrial,419.6,297.7,141.3
Jun-15,Residential,396.2,243.5,163.1
Jun-15,Calgary,592.9,282.5,210.7
Jun-15,Montreal,408.9,277.9,147.4
Jun-15,Toronto,414.5,267.0,155.6
Jun-15,Vancouver,503.5,266.4,189.7
Jun-15,Edmonton,653.5,298.0,220.3
Jun-15,Ottawa,457.7,293.6,156.3
Sep-15,All,457.4,274.5,167.1
Sep-15,Retail,516.8,269.8,192.2
Sep-15,Office,447.3,281.3,159.4
Sep-15,Industrial,415.3,295.4,140.9
Sep-15,Residential,391.7,241.4,162.6
Sep-15,Calgary,581.7,280.4,208.3
Sep-15,Montreal,399.5,274.8,145.7
Sep-15,Toronto,413.8,264.9,156.6
Sep-15,Vancouver,502.5,264.3,190.7
Sep-15,Edmonton,637.5,295.7,216.6
Sep-15,Ottawa,445.4,291.0,153.5
Dec-15,All,512.0,295.7,173.7
Dec-15,Retail,587.4,290.7,202.9
Dec-15,Office,492.9,302.9,163.2
Dec-15,Industrial,462.5,320.6,144.6
Dec-15,Residential,435.5,258.2,169.1
Dec-15,Calgary,612.9,301.5,204.1
Dec-15,Montreal,446.0,298.5,149.7
Dec-15,Toronto,474.1,284.3,167.2
Dec-15,Vancouver,575.2,283.9,203.3
Dec-15,Edmonton,683.0,319.0,215.1
Dec-15,Ottawa,521.6,314.0,166.7
Mar-16,All,505.6,293.2,173.0
Mar-16,Retail,582.1,287.8,203.0
Mar-16,Office,485.3,300.7,161.8
Mar-16,Industrial,454.8,317.9,143.4
Mar-16,Residential,431.1,256.1,168.8
Mar-16,Calgary,602.7,299.5,202.1
Mar-16,Montreal,439.2,295.1,149.1
Mar-16,Toronto,470.2,282.0,167.2
Mar-16,Vancouver,570.9,281.5,203.5
Mar-16,Edmonton,678.6,317.2,214.9
Mar-16,Ottawa,494.9,310.7,159.8
Jun-16,All,501.5,290.7,173.0
Jun-16,Retail,577.6,285.0,203.4
Jun-16,Office,481.7,298.7,161.7
Jun-16,Industrial,448.0,315.4,142.4
Jun-16,Residential,429.0,254.0,169.3
Jun-16,Calgary,589.0,297.3,198.9
Jun-16,Montreal,434.0,291.8,149.0
Jun-16,Toronto,467.9,279.9,167.6
Jun-16,Vancouver,573.8,278.9,206.4
Jun-16,Edmonton,670.6,315.5,213.5
Jun-16,Ottawa,488.0,307.9,158.9
Sep-16,All,491.4,288.2,171.0
Sep-16,Retail,560.8,282.2,199.4
Sep-16,Office,474.4,296.4,160.5
Sep-16,Industrial,442.9,312.9,141.9
Sep-16,Residential,424.7,251.7,169.2
Sep-16,Calgary,576.4,295.1,196.1
Sep-16,Montreal,424.3,288.4,147.4
Sep-16,Toronto,460.2,277.7,166.2
Sep-16,Vancouver,573.7,276.5,208.2
Sep-16,Edmonton,652.0,313.0,209.2
Sep-16,Ottawa,475.5,305.1,156.2
Dec-16,All,541.4,310.3,175.0
Dec-16,Retail,622.8,303.8,205.8
Dec-16,Office,516.3,319.1,162.2
Dec-16,Industrial,489.9,339.3,144.7
Dec-16,Residential,470.2,269.2,175.2
Dec-16,Calgary,598.9,317.2,189.5
Dec-16,Montreal,461.8,313.2,147.7
Dec-16,Toronto,515.3,297.8,173.5
Dec-16,Vancouver,644.5,296.9,217.9
Dec-16,Edmonton,678.6,337.5,201.9
Dec-16,Ottawa,543.7,329.2,165.7
Mar-17,All,535.0,307.6,174.4
Mar-17,Retail,618.0,300.8,206.3
Mar-17,Office,507.6,316.9,160.6
Mar-17,Industrial,484.7,336.4,144.4
Mar-17,Residential,466.5,266.9,175.2
Mar-17,Calgary,590.9,315.2,188.2
Mar-17,Montreal,454.2,309.6,147.0
Mar-17,Toronto,511.9,295.4,173.8
Mar-17,Vancouver,640.3,294.2,218.5
Mar-17,Edmonton,676.0,335.8,202.1
Mar-17,Ottawa,515.1,325.8,158.5
Jun-17,All,531.2,305.0,174.7
Jun-17,Retail,612.2,297.8,206.4
Jun-17,Office,505.2,314.5,161.0
Jun-17,Industrial,479.6,333.4,144.2
Jun-17,Residential,464.4,264.7,175.9
Jun-17,Calgary,582.4,313.0,186.8
Jun-17,Montreal,447.7,306.0,146.6
Jun-17,Toronto,510.5,293.0,174.7
Jun-17,Vancouver,639.0,291.3,220.2
Jun-17,Edmonton,666.9,333.7,200.7
Jun-17,Ottawa,510.2,323.0,158.4
Sep-17,All,522.2,302.2,173.3
Sep-17,Retail,594.7,294.7,202.5
Sep-17,Office,500.5,312.0,160.8
Sep-17,Industrial,478.4,330.6,145.0
Sep-17,Residential,459.0,262.3,175.4
Sep-17,Calgary,574.4,310.7,185.6
Sep-17,Montreal,437.3,302.3,145.0
Sep-17,Toronto,505.0,290.5,174.3
Sep-17,Vancouver,638.5,288.8,221.9
Sep-17,Edmonton,647.3,330.9,196.4
Sep-17,Ottawa,497.4,320.2,155.8
Dec-17,All,575.9,325.3,177.6
Dec-17,Retail,654.4,317.4,207.0
Dec-17,Office,546.0,335.6,163.1
Dec-17,Industrial,538.3,358.3,150.6
Dec-17,Residential,516.8,280.5,184.7
Dec-17,Calgary,598.1,334.2,179.6
Dec-17,Montreal,492.6,328.0,150.5
Dec-17,Toronto,565.5,311.5,182.1
Dec-17,Vancouver,699.0,309.8,226.5
Dec-17,Edmonton,688.0,356.9,193.5
Dec-17,Ottawa,579.6,345.4,168.3
Mar-18,All,570.3,322.4,177.4
Mar-18,Retail,648.7,314.2,207.3
Mar-18,Office,539.3,333.0,162.3
Mar-18,Industrial,534.0,354.9,150.8
Mar-18,Residential,514.1,278.2,185.3
Mar-18,Calgary,591.1,332.2,178.5
Mar-18,Montreal,483.8,323.9,149.7
Mar-18,Toronto,563.3,308.7,183.0
Mar-18,Vancouver,695.6,306.9,227.5
Mar-18,Edmonton,687.0,355.2,194.2
Mar-18,Ottawa,551.6,341.9,161.8
Jun-18,All,569.0,319.5,178.7
Jun-18,Retail,645.6,311.0,208.4
Jun-18,Office,538.6,330.5,163.4
Jun-18,Industrial,535.5,351.5,152.7
Jun-18,Residential,513.4,275.8,186.7
Jun-18,Calgary,581.4,330.1,176.7
Jun-18,Montreal,478.6,319.7,150.0
Jun-18,Toronto,566.7,306.1,185.7
Jun-18,Vancouver,702.8,303.9,232.2
Jun-18,Edmonton,681.9,353.0,193.9
Jun-18,Ottawa,543.3,338.9,160.8
Sep-18,All,559.5,316.5,177.3
Sep-18,Retail,627.1,307.9,204.5
Sep-18,Office,532.2,327.7,162.8
Sep-18,Industrial,536.2,348.2,154.4
Sep-18,Residential,508.4,273.3,186.5
Sep-18,Calgary,573.4,327.9,175.5
Sep-18,Montreal,468.2,315.6,148.6
Sep-18,Toronto,560.3,303.4,185.2
Sep-18,Vancouver,702.2,301.1,234.2
Sep-18,Edmonton,664.1,349.7,190.6
Sep-18,Ottawa,531.7,336.1,158.7
Dec-18,All,617.9,340.6,182.0
Dec-18,Retail,682.4,331.3,206.8
Dec-18,Office,587.1,352.5,167.0
Dec-18,Industrial,611.9,377.2,162.7
Dec-18,Residential,570.8,292.1,196.0
Dec-18,Calgary,606.6,352.8,172.5
Dec-18,Montreal,527.0,342.8,154.1
Dec-18,Toronto,625.2,325.1,192.9
Dec-18,Vancouver,772.6,322.9,240.3
Dec-18,Edmonton,707.9,376.4,188.8
Dec-18,Ottawa,623.2,362.7,172.4
Mar-19,All,612.9,337.4,182.2
Mar-19,Retail,675.8,327.9,206.9
Mar-19,Office,580.2,349.6,166.4
Mar-19,Industrial,612.8,373.4,164.6
Mar-19,Residential,569.7,289.5,197.4
Mar-19,Calgary,600.2,350.8,171.6
Mar-19,Montreal,519.7,338.5,153.9
Mar-19,Toronto,624.2,322.1,194.4
Mar-19,Vancouver,769.9,319.7,241.8
Mar-19,Edmonton,708.6,374.1,190.2
Mar-19,Ottawa,592.5,358.9,165.6
Jun-19,All,608.3,334.3,182.5
Jun-19,Retail,664.5,324.6,205.5
Jun-19,Office,577.0,347.0,166.7
Jun-19,Industrial,616.7,369.6,167.3
Jun-19,Residential,569.7,286.8,199.2
Jun-19,Calgary,591.1,348.7,170.1
Jun-19,Montreal,517.9,334.4,155.2
Jun-19,Toronto,624.2,319.2,196.2
Jun-19,Vancouver,767.3,316.5,243.4
Jun-19,Edmonton,697.9,371.5,188.6
Jun-19,Ottawa,584.2,355.9,164.7
Sep-19,All,598.0,331.1,181.1
Sep-19,Retail,643.4,321.2,201.1
Sep-19,Office,571.2,344.0,166.5
Sep-19,Industrial,619.9,365.9,169.9
Sep-19,Residential,562.8,283.9,198.8
Sep-19,Calgary,581.2,346.3,168.4
Sep-19,Montreal,505.9,330.1,153.6
Sep-19,Toronto,618.3,316.2,196.1
Sep-19,Vancouver,765.8,313.7,245.1
Sep-19,Edmonton,678.3,368.2,184.9
Sep-19,Ottawa,568.8,352.7,161.7
Dec-19,All,659.3,356.2,185.7
Dec-19,Retail,695.2,345.7,201.9
Dec-19,Office,628.5,370.0,170.3
Dec-19,Industrial,712.1,395.9,180.5
Dec-19,Residential,635.2,303.3,210.1
Dec-19,Calgary,609.6,372.5,164.2
Dec-19,Montreal,563.8,358.4,157.7
Dec-19,Toronto,688.9,338.8,204.0
Dec-19,Vancouver,838.7,336.5,250.3
Dec-19,Edmonton,716.6,396.4,181.5
Dec-19,Ottawa,662.1,380.4,174.6
Mar-20,All,641.6,352.8,182.5
Mar-20,Retail,663.8,342.1,194.7
Mar-20,Office,614.8,366.9,168.0
Mar-20,Industrial,710.0,391.4,182.0
Mar-20,Residential,628.6,300.5,209.9
Mar-20,Calgary,578.1,370.2,156.6
Mar-20,Montreal,543.3,353.7,154.0
Mar-20,Toronto,681.6,335.5,203.8
Mar-20,Vancouver,813.5,333.2,245.2
Mar-20,Edmonton,704.3,393.7,179.5
Mar-20,Ottawa,626.7,376.4,167.0
Jun-20,All,617.1,349.0,177.4
Jun-20,Retail,622.5,338.0,184.8
Jun-20,Office,597.5,363.7,164.7
Jun-20,Industrial,692.2,386.8,179.5
Jun-20,Residential,623.1,297.6,210.1
Jun-20,Calgary,549.7,367.4,150.0
Jun-20,Montreal,524.4,348.5,150.8
Jun-20,Toronto,659.4,332.0,199.2
Jun-20,Vancouver,796.0,329.6,242.5
Jun-20,Edmonton,674.4,390.4,173.4
Jun-20,Ottawa,599.3,372.8,161.2
Sep-20,All,595.2,345.1,173.0
Sep-20,Retail,581.1,333.5,174.8
Sep-20,Office,582.6,360.3,162.1
Sep-20,Industrial,696.0,382.7,182.4
Sep-20,Residential,611.7,294.2,208.6
Sep-20,Calgary,524.8,365.0,144.1
Sep-20,Montreal,508.7,342.9,148.7
Sep-20,Toronto,639.7,328.4,195.4
Sep-20,Vancouver,786.5,326.3,242.0
Sep-20,Edmonton,631.4,386.5,163.9
Sep-20,Ottawa,579.0,369.0,157.3
Dec-20,All,632.6,370.3,171.4
Dec-20,Retail,589.4,356.7,165.8
Dec-20,Office,618.9,387.4,160.2
Dec-20,Industrial,801.4,413.8,194.3
Dec-20,Residential,671.8,313.9,214.7
Dec-20,Calgary,534.1,391.9,136.6
Dec-20,Montreal,541.1,371.0,146.2
Dec-20,Toronto,684.2,350.9,195.6
Dec-20,Vancouver,821.9,349.3,236.2
Dec-20,Edmonton,654.9,415.5,158.1
Dec-20,Ottawa,666.1,396.9,168.4
Mar-21,All,624.8,366.5,171.0
Mar-21,Retail,582.5,352.8,165.7
Mar-21,Office,607.1,384.1,158.5
Mar-21,Industrial,805.4,409.0,197.6
Mar-21,Residential,660.3,310.6,213.3
Mar-21,Calgary,528.1,390.0,135.7
Mar-21,Montreal,534.9,365.8,146.5
Mar-21,Toronto,677.6,347.2,195.8
Mar-21,Vancouver,814.7,346.1,236.4
Mar-21,Edmonton,652.2,413.3,158.3
Mar-21,Ottawa,629.8,392.2,161.1
Jun-21,All,621.4,362.7,171.8
Jun-21,Retail,573.0,348.9,164.8
Jun-21,Office,596.5,380.7,157.1
Jun-21,Industrial,839.7,404.0,208.6
Jun-21,Residential,655.1,307.1,214.0
Jun-21,Calgary,514.0,387.6,132.9
Jun-21,Montreal,531.6,360.4,147.8
Jun-21,Toronto,676.9,343.6,197.7
Jun-21,Vancouver,822.9,342.6,241.2
Jun-21,Edmonton,646.3,410.8,157.8
Jun-21,Ottawa,616.4,388.0,159.3
Sep-21,All,613.6,359.0,171.4
Sep-21,Retail,557.5,345.6,161.8
Sep-21,Office,588.0,377.3,156.2
Sep-21,Industrial,863.5,399.2,217.2
Sep-21,Residential,645.1,303.4,213.3
Sep-21,Calgary,507.6,385.2,132.0
Sep-21,Montreal,520.2,355.1,146.8
Sep-21,Toronto,672.3,340.1,198.3
Sep-21,Vancouver,828.2,339.6,244.9
Sep-21,Edmonton,631.2,407.1,155.5
Sep-21,Ottawa,600.5,384.1,156.7
Dec-21,All,683.4,386.0,177.6
Dec-21,Retail,606.3,372.2,163.4
Dec-21,Office,634.3,405.6,156.8
Dec-21,Industrial,"1,058.7",431.1,246.6
Dec-21,Residential,720.5,323.7,223.4
Dec-21,Calgary,527.7,415.1,127.4
Dec-21,Montreal,583.9,385.2,151.9
Dec-21,Toronto,759.0,364.0,209.2
Dec-21,Vancouver,906.1,363.9,250.1
Dec-21,Edmonton,677.4,438.5,154.9
Dec-21,Ottawa,692.7,413.8,167.9
Mar-22,All,680.4,382.0,178.7
Mar-22,Retail,600.2,368.6,163.4
Mar-22,Office,621.8,402.2,155.0
Mar-22,Industrial,"1,090.2",425.4,257.4
Mar-22,Residential,711.8,320.2,223.0
Mar-22,Calgary,526.1,413.5,127.5
Mar-22,Montreal,578.8,379.7,152.8
Mar-22,Toronto,759.0,360.3,211.4
Mar-22,Vancouver,900.1,360.2,251.0
Mar-22,Edmonton,681.1,435.7,156.8
Mar-22,Ottawa,659.0,408.8,161.7
Jun-22,All,673.6,378.4,178.6
Jun-22,Retail,589.4,365.5,161.8
Jun-22,Office,603.7,399.0,151.7
Jun-22,Industrial,"1,114.6",419.6,266.8
Jun-22,Residential,705.7,316.8,223.5
Jun-22,Calgary,520.6,411.8,126.6
Jun-22,Montreal,577.2,374.9,154.3
Jun-22,Toronto,749.6,356.9,210.8
Jun-22,Vancouver,894.7,356.5,252.1
Jun-22,Edmonton,675.2,432.8,156.5
Jun-22,Ottawa,637.5,404.8,157.9
Sep-22,All,659.6,374.5,176.6
Sep-22,Retail,569.4,362.3,157.6
Sep-22,Office,587.9,395.6,149.0
Sep-22,Industrial,"1,122.5",413.9,272.4
Sep-22,Residential,695.1,313.2,222.7
Sep-22,Calgary,514.0,410.0,125.6
Sep-22,Montreal,564.0,369.5,153.0
Sep-22,Toronto,736.6,353.2,209.2
Sep-22,Vancouver,885.2,353.2,251.7
Sep-22,Edmonton,654.4,428.9,153.0
Sep-22,Ottawa,615.2,400.9,153.9
Dec-22,All,692.4,402.7,172.4
Dec-22,Retail,582.2,390.4,149.6
Dec-22,Office,597.6,425.5,140.7
Dec-22,Industrial,"1,239.9",446.4,279.0
Dec-22,Residential,753.9,334.2,226.4
Dec-22,Calgary,536.1,441.9,121.5
Dec-22,Montreal,595.0,400.9,148.8
Dec-22,Toronto,763.7,378.1,202.6
Dec-22,Vancouver,916.5,378.6,243.1
Dec-22,Edmonton,694.0,462.4,150.5
Dec-22,Ottawa,674.6,431.7,156.7
Mar-23,All,679.3,399.0,170.8
Mar-23,Retail,576.7,387.4,149.3
Mar-23,Office,578.4,422.4,137.2
Mar-23,Industrial,"1,218.6",440.3,278.0
Mar-23,Residential,741.0,330.9,224.7
Mar-23,Calgary,532.1,440.6,121.0
Mar-23,Montreal,582.4,395.7,147.5
Mar-23,Toronto,748.8,374.5,200.6
Mar-23,Vancouver,901.1,374.9,241.3
Mar-23,Edmonton,696.7,460.0,151.9
Mar-23,Ottawa,632.5,426.7,148.6
Jun-23,All,668.4,395.4,169.5
Jun-23,Retail,571.2,384.5,149.0
Jun-23,Office,563.5,419.6,134.5
Jun-23,Industrial,"1,195.8",434.4,276.5
Jun-23,Residential,730.4,327.5,223.8
Jun-23,Calgary,529.1,439.1,120.7
Jun-23,Montreal,569.6,390.9,146.0
Jun-23,Toronto,735.7,371.2,198.8
Jun-23,Vancouver,889.3,371.4,240.5
Jun-23,Edmonton,683.5,457.0,150.0
Jun-23,Ottawa,619.2,422.7,146.8
Sep-23,All,649.6,391.8,166.3
Sep-23,Retail,555.5,381.8,145.9
Sep-23,Office,545.3,416.4,131.2
Sep-23,Industrial,"1,166.1",428.9,273.1
Sep-23,Residential,718.0,323.9,222.4
Sep-23,Calgary,521.8,437.0,119.6
Sep-23,Montreal,550.3,385.9,142.9
Sep-23,Toronto,714.6,368.0,194.8
Sep-23,Vancouver,880.6,368.1,240.2
Sep-23,Edmonton,659.7,453.2,146.0
Sep-23,Ottawa,591.9,418.5,141.7